ENF Site ID,Sub Region,Region,Latitude,TL,ES POC
ES2-KRP-00948,Sukkur,Sukkur,27.5923   68.615,Abdul Rasool,Shahid Ahmed
ES2-KRP-00949,Sukkur,Sukkur,27.5229   68.7355,Abdul Rasool,Shahid Ahmed
ES2-KRP-00951,Sukkur,Sukkur,27.534   68.7622,Abdul Rasool,Shahid Ahmed
ES2-SUK-01523,Sukkur Biker,Sukkur,27.7165   68.8375,Abdul Rasool,Shahid Ahmed
ES2-SUK-01527,Sukkur Biker,Sukkur,27.6988   68.8749,Abdul Rasool,Shahid Ahmed
ES2-SUK-01533,Sukkur Biker,Sukkur,27.69105   68.89522,Abdul Rasool,Shahid Ahmed
ES2-SUK-01534,Sukkur,Sukkur,27.70762   68.87782,Abdul Rasool,Shahid Ahmed
ES2-SUK-01536,Sukkur,Sukkur,27.7342   68.8093,Abdul Rasool,Shahid Ahmed
ES2-NSF-01666,Nausheroferoz,Sukkur,26.87749   68.11535,Abdul Rasool,Shahid Ahmed
ES2-HLN-01672,Kandiaro,Sukkur,27.09863   68.34196,Abdul Rasool,Shahid Ahmed
ES2-GDK-01675,Nausheroferoz,Sukkur,26.9607   68.1817,Abdul Rasool,Shahid Ahmed
ES2-BRD-01677,Sukkur,Sukkur,27.50863   68.45092,Abdul Rasool,Shahid Ahmed
ES2-KMB-01680,Sukkur,Sukkur,27.52129   68.54904,Abdul Rasool,Shahid Ahmed
ES2-SUK-01697,Ghotki,Sukkur,27.90134   69.11872,Abdul Rasool,Shahid Ahmed
ES2-KSH-01748,Ranipur,Sukkur,27.25286   68.47877,Abdul Rasool,Shahid Ahmed
ES2-KRP-01749,Ranipur,Sukkur,27.09266   68.58677,Abdul Rasool,Shahid Ahmed
ES2-SUK-01768,Sukkur Biker,Sukkur,27.70252   68.85784,Abdul Rasool,Shahid Ahmed
ES2-KRP-01770,Ranipur,Sukkur,27.02755   68.52201,Abdul Rasool,Shahid Ahmed
ES2-SDQ-01908,Sadiq Abad,Sukkur,28.079   70.00732,Abdul Rasool,Shahid Ahmed
ES2-DRK-01974,Ghotki,Sukkur,27.89806   69.6581,Abdul Rasool,Shahid Ahmed
ES2-SDQ-01991,Sadiq Abad,Sukkur,28.28739   70.11865,Abdul Rasool,Shahid Ahmed
ES2-SDQ-02021,Sadiq Abad,Sukkur,28.24254   69.86903,Abdul Rasool,Shahid Ahmed
ES2-BRC-02051,Nausheroferoz,Sukkur,26.87114   68.14778,Abdul Rasool,Shahid Ahmed
ES2-SDH-02054,Ranipur,Sukkur,27.26786   68.44376,Abdul Rasool,Shahid Ahmed
ES2-KRP-02098,Sukkur,Sukkur,27.62017   68.75115,Abdul Rasool,Shahid Ahmed
ES2-GKI-02117,Ghotki,Sukkur,28.00583   69.32391,Abdul Rasool,Shahid Ahmed
ES2-RHR-02155,Sukkur Biker,Sukkur,27.7066   68.8802,Abdul Rasool,Shahid Ahmed
ES2-RHR-02156,Sukkur Biker,Sukkur,27.68932   68.85766,Abdul Rasool,Shahid Ahmed
ES2-RHR-02163,Sukkur Biker,Sukkur,27.69136   68.86835,Abdul Rasool,Shahid Ahmed
ES2-RHR-02165,Sukkur Biker,Sukkur,27.694269   68.867461,Abdul Rasool,Shahid Ahmed
ES2-SUK-02166,Sukkur,Sukkur,27.71823   68.84606,Abdul Rasool,Shahid Ahmed
ES2-RYK-02171,Sadiq Abad,Sukkur,28.09435   69.96459,Abdul Rasool,Shahid Ahmed
ES2-SUK-02180,Sukkur Biker,Sukkur,27.717582   68.86326,Abdul Rasool,Shahid Ahmed
ES2-KDY-02266,Kandiaro,Sukkur,27.05934   68.21931,Abdul Rasool,Shahid Ahmed
ES2-GKI-02374,Ghotki,Sukkur,28.07831   69.46512,Abdul Rasool,Shahid Ahmed
ES2-SDQ-02376,Sadiq Abad,Sukkur,28.215569   70.006623,Abdul Rasool,Shahid Ahmed
ES2-KDJ-02377,Sukkur,Sukkur,27.45786   68.76448,Abdul Rasool,Shahid Ahmed
ES2-RHR-02546,Sukkur Biker,Sukkur,27.69929   68.88141,Abdul Rasool,Shahid Ahmed
ES2-KDJ-02557,Sukkur,Sukkur,27.39844   68.73842,Abdul Rasool,Shahid Ahmed
ES2-GKI-02985,Ghotki,Sukkur,27.9252   69.1984,Abdul Rasool,Shahid Ahmed
ES2-SUK-03168,Sukkur,Sukkur,27.7127   68.86604,Abdul Rasool,Shahid Ahmed
ES2-NSF-03258,Nausheroferoz,Sukkur,26.84138°   68.12473°,Abdul Rasool,Shahid Ahmed
ES2-MPM-03273,Ghotki,Sukkur,28.02584   69.54832,Abdul Rasool,Shahid Ahmed
ES2-KRP-03278,Sukkur,Sukkur,27.52571   68.74554,Abdul Rasool,Shahid Ahmed
ES2-PQL-03317,Ghotki,Sukkur,27.88096   69.08919,Abdul Rasool,Shahid Ahmed
ES2-GKI-03564,Ghotki,Sukkur,28.00773   69.31762,Abdul Rasool,Shahid Ahmed
ES2-KWH-03578,Kandiaro,Sukkur,27.17664   68.29522,Abdul Rasool,Shahid Ahmed
ES2-GMT-03686,Ranipur,Sukkur,27.38072   68.51696,Abdul Rasool,Shahid Ahmed
ES2-SDJ-03689,Sukkur,Sukkur,27.59624   68.54181,Abdul Rasool,Shahid Ahmed
ES2-DBI-03783,Ranipur,Sukkur,27.13566   68.66372,Abdul Rasool,Shahid Ahmed
ES2-SUK-03784,Sukkur,Sukkur,27.729642   68.847349,Abdul Rasool,Shahid Ahmed
ES2-NSF-03806,Kandiaro,Sukkur,27.02957   68.3494,Abdul Rasool,Shahid Ahmed
ES2-KRP-03807,Sukkur,Sukkur,27.62749   68.66295,Abdul Rasool,Shahid Ahmed
EUS-RYK-04013,Sadiq Abad,Sukkur,28.4023   69.8205,Abdul Rasool,Shahid Ahmed
ES2-SUK-04071,Sukkur,Sukkur,27.61433   69.09599,Abdul Rasool,Shahid Ahmed
ES2-KRP-04084,Sukkur,Sukkur,27.51897   68.57364,Abdul Rasool,Shahid Ahmed
ES2-KRP-04085,Ranipur,Sukkur,27.44376   68.39071,Abdul Rasool,Shahid Ahmed
ES2-SUK-04086,Ghotki,Sukkur,27.856013   69.19999,Abdul Rasool,Shahid Ahmed
ES2-SDQ-04104,Sadiq Abad,Sukkur,28.32076   69.81893,Abdul Rasool,Shahid Ahmed
ES2-SUK-04106,Sukkur,Sukkur,27.698746   68.833974,Abdul Rasool,Shahid Ahmed
ES2-TPW-04107,Ranipur,Sukkur,27.196522   68.589818,Abdul Rasool,Shahid Ahmed
ES2-SUK-04313,Sukkur Biker,Sukkur,27.6929   68.8709,Abdul Rasool,Shahid Ahmed
EUS-GKI-04327,Ghotki,Sukkur,27.97996   69.05923,Abdul Rasool,Shahid Ahmed
EUS-GKI-04329,Sukkur,Sukkur,27.63197   68.54724,Abdul Rasool,Shahid Ahmed
EUS-GKI-04330,Sukkur,Sukkur,27.56451   68.4441,Abdul Rasool,Shahid Ahmed
EUS-GKI-04331,Ranipur,Sukkur,27.45634   68.3581,Abdul Rasool,Shahid Ahmed
EUS-GKI-04332,Ranipur,Sukkur,27.28117   68.24066,Abdul Rasool,Shahid Ahmed
EUS-GKI-04333,Ranipur,Sukkur,26.98233   68.582076,Abdul Rasool,Shahid Ahmed
EUS-GKI-04334,Nausheroferoz,Sukkur,26.89948   68.51358,Abdul Rasool,Shahid Ahmed
EUS-GKI-04335,Nausheroferoz,Sukkur,26.790212   68.439229,Abdul Rasool,Shahid Ahmed
EUS-GKI-04337,Ranipur,Sukkur,27.34373   68.30727,Abdul Rasool,Shahid Ahmed
EUS-GKI-04338,Nausheroferoz,Sukkur,26.86639   68.44854,Abdul Rasool,Shahid Ahmed
ES2-SUK-04640,Sukkur Biker,Sukkur,27.72381   68.817173,Abdul Rasool,Shahid Ahmed
EUS-QSK-04658,Sukkur,Sukkur,27.6412   68.47942,Abdul Rasool,Shahid Ahmed
EUS-QSK-04661,Ranipur,Sukkur,27.30395   68.19773,Abdul Rasool,Shahid Ahmed
EUS-QSK-04679,Kandiaro,Sukkur,27.028202   68.275193,Abdul Rasool,Shahid Ahmed
ES2-MRP-04988,Ranipur,Sukkur,27.15756   68.46312,Abdul Rasool,Shahid Ahmed
ES2-MRP-04998,Ranipur,Sukkur,26.97982   68.51181,Abdul Rasool,Shahid Ahmed
ES2-KDY-05006,Kandiaro,Sukkur,27.12764   68.27458,Abdul Rasool,Shahid Ahmed
ES2-GKI-05022,Ghotki,Sukkur,27.92255   69.18733,Abdul Rasool,Shahid Ahmed
ES2-KRP-05063,Sukkur,Sukkur,27.51681   68.74774,Abdul Rasool,Shahid Ahmed
ES2-GMT-05066,Ranipur,Sukkur,27.42376   68.49596,Abdul Rasool,Shahid Ahmed
ES2-MPM-05115,Ghotki,Sukkur,28.01677   69.55923,Abdul Rasool,Shahid Ahmed
ES2-KRP-05418,Sukkur,Sukkur,27.56691   68.76705,Abdul Rasool,Shahid Ahmed
ES2-GKI-05428,Ghotki,Sukkur,27.99338   69.34906,Abdul Rasool,Shahid Ahmed
ES2-SUK-05431,Sukkur Biker,Sukkur,27.70225   68.82984,Abdul Rasool,Shahid Ahmed
ES2-KRP-05492,Ranipur,Sukkur,27.24312   68.34967,Abdul Rasool,Shahid Ahmed
ES2-SUK-05493,Sukkur,Sukkur,27.63713   68.79148,Abdul Rasool,Shahid Ahmed
ES2-KRP-06076,Sukkur,Sukkur,27.5038   68.7364,Abdul Rasool,Shahid Ahmed
ES2-KRP-06077,Sukkur,Sukkur,27.52709   68.76814,Abdul Rasool,Shahid Ahmed
ES2-NSF-06079,Kandiaro,Sukkur,27.0411   68.1868,Abdul Rasool,Shahid Ahmed
ES2-GKI-06099,Ghotki,Sukkur,27.98426   69.29265,Abdul Rasool,Shahid Ahmed
ES2-SPR-06153,Sukkur Biker,Sukkur,27.72055   68.82016,Abdul Rasool,Shahid Ahmed
ES2-RYK-06222,Sadiq Abad,Sukkur,28.33218   70.13615,Abdul Rasool,Shahid Ahmed
ES2-UBA-06364,Ghotki,Sukkur,28.15483   69.72878,Abdul Rasool,Shahid Ahmed
ES2-UBA-06365,Ghotki,Sukkur,28.16708   69.73136,Abdul Rasool,Shahid Ahmed
ES2-SUK-06394,Sukkur Biker,Sukkur,27.69527   68.85158,Abdul Rasool,Shahid Ahmed
ES2-GKI-06431,Ghotki,Sukkur,28.015982   69.315075,Abdul Rasool,Shahid Ahmed
ES2-PQL-06483,Ghotki,Sukkur,27.85566   69.11732,Abdul Rasool,Shahid Ahmed
ES2-SDQ-06496,Sadiq Abad,Sukkur,28.310922   70.113614,Abdul Rasool,Shahid Ahmed
ES2-KDJ-06697,Ranipur,Sukkur,27.36576   68.63541,Abdul Rasool,Shahid Ahmed
ES2-GKI-06700,Ghotki,Sukkur,27.92512   69.33718,Abdul Rasool,Shahid Ahmed
ES2-KRP-07523,Sukkur,Sukkur,27.570313   68.74699,Abdul Rasool,Shahid Ahmed
ES2-KDJ-07524,Ranipur,Sukkur,27.24817   68.53437,Abdul Rasool,Shahid Ahmed
ES2-MHP-07527,Kandiaro,Sukkur,27.0971   68.41507,Abdul Rasool,Shahid Ahmed
ES2-UBA-07551,Ghotki,Sukkur,28.07572   69.68603,Abdul Rasool,Shahid Ahmed
ES2-DRK-07920,Ghotki,Sukkur,28.05493   69.69559 ,Abdul Rasool,Shahid Ahmed
ES2-DRK-07921,Ghotki,Sukkur,28.050189   69.697605,Abdul Rasool,Shahid Ahmed
ES2-DRK-07922,Ghotki,Sukkur,28.04817   69.71316,Abdul Rasool,Shahid Ahmed
ES2-SUK-08492,Ghotki,Sukkur,27.85974   69.0693,Abdul Rasool,Shahid Ahmed
ES2-NSF-08592,Kandiaro,Sukkur,26.98665   68.34131,Abdul Rasool,Shahid Ahmed
ES2-NSF-08612,Nausheroferoz,Sukkur,26.74337   68.16421,Abdul Rasool,Shahid Ahmed
ES2-RYK-08635,Sadiq Abad,Sukkur,28.23415   70.16874,Abdul Rasool,Shahid Ahmed
ES2-RYK-08640,Sadiq Abad,Sukkur,28.33099   69.91239,Abdul Rasool,Shahid Ahmed
ES2-KRP-08764,Ranipur,Sukkur,27.29674   68.61328,Abdul Rasool,Shahid Ahmed
ES2-RYK-08925,Sadiq Abad,Sukkur,28.213254   69.894064,Abdul Rasool,Shahid Ahmed
ES2-KRP-09184,Ranipur,Sukkur,27.11389   68.60576,Abdul Rasool,Shahid Ahmed
ES2-BRR-09198,Nausheroferoz,Sukkur,26.86106   68.26721,Abdul Rasool,Shahid Ahmed
ES2-GMT-09199,Ranipur,Sukkur,27.35402   68.50578,Abdul Rasool,Shahid Ahmed
ES2-RNP-09200,Ranipur,Sukkur,27.30624   68.51326,Abdul Rasool,Shahid Ahmed
ES2-SBP-01690,Dera Allah Yar,Jacob Abad,28.48899   68.50527,Saif Ul Islam,Abdul Waheed
ES2-SBP-01691,Dera Allah Yar,Jacob Abad,28.44527   68.42277,Saif Ul Islam,Abdul Waheed
ES2-DAY-01910,Dera Allah Yar,Jacob Abad,28.4253   67.99156,Saif Ul Islam,Abdul Waheed
ES2-KSH-01911,Kandhkot,Jacob Abad,28.4836   69.592728,Saif Ul Islam,Abdul Waheed
ES2-DAY-01942,Dera Allah Yar,Jacob Abad,28.40695   68.12647,Saif Ul Islam,Abdul Waheed
ES2-JCA-02065,Jacobabad,Jacob Abad,28.283478   68.43735,Saif Ul Islam,Abdul Waheed
ES2-SBP-02076,Dera Allah Yar,Jacob Abad,28.45926   68.46092,Saif Ul Islam,Abdul Waheed
ES2-JCA-02091,Jacobabad,Jacob Abad,28.14665   68.36243,Saif Ul Islam,Abdul Waheed
ES2-SUI-02178,Sui,Jacob Abad,28.63684   69.18685,Saif Ul Islam,Abdul Waheed
ES2-MGK-02181,Dera Allah Yar,Jacob Abad,28.52962   68.16375,Saif Ul Islam,Abdul Waheed
ES2-JCA-02339,Jacobabad,Jacob Abad,28.2617   68.42498,Saif Ul Islam,Abdul Waheed
ES2-GKH-02444,Jacobabad,Jacob Abad,28.00486   68.27438,Saif Ul Islam,Abdul Waheed
ES2-UTM-02704,Dera Allah Yar,Jacob Abad,28.17362   68.03818,Saif Ul Islam,Abdul Waheed
ES2-SUI-02705,Sui,Jacob Abad,28.64181   69.20058,Saif Ul Islam,Abdul Waheed
ES2-JCA-03121,Jacobabad,Jacob Abad,28.29152   68.43204,Saif Ul Islam,Abdul Waheed
ES2-KSH-03122,Kandhkot,Jacob Abad,28.42167   69.68948,Saif Ul Islam,Abdul Waheed
ES2-THL-03124,Jacobabad,Jacob Abad,28.23635   68.78099,Saif Ul Islam,Abdul Waheed
ES2-DAY-03398,Dera Allah Yar,Jacob Abad,28.36997   68.36275,Saif Ul Islam,Abdul Waheed
ES2-DAY-03483,Dera Allah Yar,Jacob Abad,28.4415   68.12685,Saif Ul Islam,Abdul Waheed
ES2-DAY-03484,Dera Allah Yar,Jacob Abad,28.5392   68.41491,Saif Ul Islam,Abdul Waheed
ES2-KSH-03811,Kandhkot,Jacob Abad,28.2556   69.2023,Saif Ul Islam,Abdul Waheed
ES2-SBP-04165,Dera Allah Yar,Jacob Abad,28.52148   68.5409,Saif Ul Islam,Abdul Waheed
EUS-GKI-04326,Kandhkot,Jacob Abad,28.15458   69.31546,Saif Ul Islam,Abdul Waheed
ES2-JMG-04568,Dera Allah Yar,Jacob Abad,28.312   67.80835,Saif Ul Islam,Abdul Waheed
ES2-DBT-04763,Sui,Jacob Abad,28.62371   69.20293,Saif Ul Islam,Abdul Waheed
ES2-JCA-04872,Kandhkot,Jacob Abad,28.20481   69.10326,Saif Ul Islam,Abdul Waheed
ES2-JCA-04873,Kandhkot,Jacob Abad,28.24783   69.11424,Saif Ul Islam,Abdul Waheed
ES2-JCA-04914,Jacobabad,Jacob Abad,28.37076   68.87376,Saif Ul Islam,Abdul Waheed
ES2-KSH-04983,Kandhkot,Jacob Abad,28.43199   69.58773,Saif Ul Islam,Abdul Waheed
ES2-KKO-05047,Sui,Jacob Abad,28.63587   69.20927,Saif Ul Islam,Abdul Waheed
ES2-KKO-05417,Kandhkot,Jacob Abad,28.18668   69.19845,Saif Ul Islam,Abdul Waheed
ES2-JCA-05515,Kandhkot,Jacob Abad,28.19107   69.13568,Saif Ul Islam,Abdul Waheed
ES2-JCA-05516,Kandhkot,Jacob Abad,28.30288   69.31674,Saif Ul Islam,Abdul Waheed
ES2-JCA-05517,Kandhkot,Jacob Abad,28.36583   69.21689,Saif Ul Islam,Abdul Waheed
ES2-JCA-05518,Kandhkot,Jacob Abad,28.31887   69.17407,Saif Ul Islam,Abdul Waheed
ES2-JCA-05519,Kandhkot,Jacob Abad,28.3824   69.16245,Saif Ul Islam,Abdul Waheed
ES2-JCA-05520,Jacobabad,Jacob Abad,28.06036   68.17123,Saif Ul Islam,Abdul Waheed
ES2-JCA-05522,Kandhkot,Jacob Abad,28.21536   69.13332,Saif Ul Islam,Abdul Waheed
ES2-JAF-05523,Dera Allah Yar,Jacob Abad,28.13469   67.82522,Saif Ul Islam,Abdul Waheed
ES2-JAF-05524,Dera Allah Yar,Jacob Abad,28.16786   68.00606,Saif Ul Islam,Abdul Waheed
ES2-NSD-05545,Dera Allah Yar,Jacob Abad,28.31833   67.98055,Saif Ul Islam,Abdul Waheed
ES2-SPR-05559,Jacobabad,Jacob Abad,28.0941   68.32223,Saif Ul Islam,Abdul Waheed
ES2-JCA-05566,Jacobabad,Jacob Abad,28.06268   68.26718,Saif Ul Islam,Abdul Waheed
ES2-JCA-05613,Jacobabad,Jacob Abad,28.24008   68.47124,Saif Ul Islam,Abdul Waheed
ES2-JCA-05614,Jacobabad,Jacob Abad,28.21405   68.36832,Saif Ul Islam,Abdul Waheed
ES2-JCA-05615,Jacobabad,Jacob Abad,28.28157   68.44548,Saif Ul Islam,Abdul Waheed
ES2-JAF-05616,Dera Allah Yar,Jacob Abad,28.23304   68.11041,Saif Ul Islam,Abdul Waheed
ES2-NSD-05617,Dera Allah Yar,Jacob Abad,28.46787   68.27908,Saif Ul Islam,Abdul Waheed
ES2-NSD-05618,Dera Allah Yar,Jacob Abad,28.41027   67.90472,Saif Ul Islam,Abdul Waheed
ES2-NSD-05619,Dera Allah Yar,Jacob Abad,28.53301   68.22353,Saif Ul Islam,Abdul Waheed
ES2-JAF-05626,Dera Allah Yar,Jacob Abad,28.3827   68.35891,Saif Ul Islam,Abdul Waheed
ES2-JAF-05627,Dera Allah Yar,Jacob Abad,28.36866   68.33842,Saif Ul Islam,Abdul Waheed
ES2-NSD-05632,Dera Allah Yar,Jacob Abad,28.43971   68.08918,Saif Ul Islam,Abdul Waheed
ES2-NSD-05633,Dera Allah Yar,Jacob Abad,28.44744   68.19006,Saif Ul Islam,Abdul Waheed
ES2-DBG-05666,Sui,Jacob Abad,28.639342   69.214911,Saif Ul Islam,Abdul Waheed
ES2-JAF-05670,Dera Allah Yar,Jacob Abad,28.1814   68.06442,Saif Ul Islam,Abdul Waheed
ES2-GUD-05899,Kandhkot,Jacob Abad,28.42692   69.67761,Saif Ul Islam,Abdul Waheed
ES2-KKO-06413,Kandhkot,Jacob Abad,28.25142   69.18284,Saif Ul Islam,Abdul Waheed
ES2-SUI-06938,Sui,Jacob Abad,28.66469   69.18464,Saif Ul Islam,Abdul Waheed
ES2-SUI-06943,Sui,Jacob Abad,28.61979   69.19212,Saif Ul Islam,Abdul Waheed
ES2-SUI-06944,Sui,Jacob Abad,28.64757   69.18901,Saif Ul Islam,Abdul Waheed
ES2-JCA-07399,Jacobabad,Jacob Abad,28.29915   68.47476,Saif Ul Islam,Abdul Waheed
ES2-TWS-07520,Kandhkot,Jacob Abad,28.16504   69.13939,Saif Ul Islam,Abdul Waheed
ES2-KKO-07543,Kandhkot,Jacob Abad,28.22028   69.18317,Saif Ul Islam,Abdul Waheed
ES2-STM-07892,Dera Allah Yar,Jacob Abad,28.17187   68.048631,Saif Ul Islam,Abdul Waheed
ES2-JCA-07912,Jacobabad,Jacob Abad,28.26964   68.41568,Saif Ul Islam,Abdul Waheed
ES2-JCA-07913,Jacobabad,Jacob Abad,28.28887   68.424471,Saif Ul Islam,Abdul Waheed
ES2-KSH-07918,Kandhkot,Jacob Abad,28.43449   69.570626,Saif Ul Islam,Abdul Waheed
ES2-JCA-08395,Jacobabad,Jacob Abad,28.27824   68.42149,Saif Ul Islam,Abdul Waheed
ES2-JCA-08489,Jacobabad,Jacob Abad,28.280243   68.477217,Saif Ul Islam,Abdul Waheed
ES2-KKO-08745,Kandhkot,Jacob Abad,28.247052   69.1871,Saif Ul Islam,Abdul Waheed
ES2-LKI-01080,Shikarpur,Jacob Abad,27.849   68.70019,Saif Ul Islam,Abdul Waheed
ES2-RUS-01364,Shikarpur,Jacob Abad,27.96521   68.80406,Saif Ul Islam,Abdul Waheed
ES2-SCD-01366,Jacobabad,Jacob Abad,28.1872   68.5192,Saif Ul Islam,Abdul Waheed
ES2-SPR-01960,Shikarpur,Jacob Abad,27.94811   68.62723,Saif Ul Islam,Abdul Waheed
ES2-SPR-03191,Shikarpur,Jacob Abad,27.7977   68.6708,Saif Ul Islam,Abdul Waheed
ES2-SPR-03563,Shikarpur,Jacob Abad,27.95194   68.64459,Saif Ul Islam,Abdul Waheed
ES2-SPR-04074,Shikarpur,Jacob Abad,27.84659   68.80012,Saif Ul Islam,Abdul Waheed
EUS-GKI-04328,Shikarpur,Jacob Abad,27.8522531   68.894179,Saif Ul Islam,Abdul Waheed
EUS-QSK-04681,Shikarpur,Jacob Abad,28.158622   68.946438,Saif Ul Islam,Abdul Waheed
ES2-SPR-04963,Shikarpur,Jacob Abad,28.02128   68.62107,Saif Ul Islam,Abdul Waheed
ES2-KPM-05005,Shikarpur,Jacob Abad,27.92349   68.78048,Saif Ul Islam,Abdul Waheed
ES2-SPR-05416,Shikarpur,Jacob Abad,27.99228   68.59844,Saif Ul Islam,Abdul Waheed
ES2-SPR-05568,Shikarpur,Jacob Abad,27.93485   68.58782,Saif Ul Islam,Abdul Waheed
ES2-SPR-05620,Shikarpur,Jacob Abad,27.9776   68.68551,Saif Ul Islam,Abdul Waheed
ES2-SPR-05621,Shikarpur,Jacob Abad,27.95864   68.64986,Saif Ul Islam,Abdul Waheed
ES2-SPR-07447,Shikarpur,Jacob Abad,27.94034   68.63697,Saif Ul Islam,Abdul Waheed
ES2-SPR-07910,Shikarpur,Jacob Abad,27.96166   68.63422,Saif Ul Islam,Abdul Waheed
ES2-SPR-07917,Shikarpur,Jacob Abad,27.953344   68.622368,Saif Ul Islam,Abdul Waheed
ES2-SPR-08288,Shikarpur,Jacob Abad,27.94392   68.63792,Saif Ul Islam,Abdul Waheed
ES2-QBR-00579,Qambar,Larkana,27.5808   67.9995,Nadeem Arbani,Mohsin Ali
ES2-LKN-01091,Larkana - 1,Larkana,27.5532   68.22573,Nadeem Arbani,Mohsin Ali
ES2-LKN-01092,Larkana - 1,Larkana,27.54132   68.20121,Nadeem Arbani,Mohsin Ali
ES2-LKN-01093,Larkana - 1,Larkana,27.5576   68.2053,Nadeem Arbani,Mohsin Ali
ES2-QBR-01432,ShahdadKot,Larkana,27.7787   67.94265,Nadeem Arbani,Mohsin Ali
ES2-QBR-01693,Qambar,Larkana,27.6023   67.90925,Nadeem Arbani,Mohsin Ali
ES2-BDA-01713,Larkana - 2,Larkana,27.328682   68.026988,Nadeem Arbani,Mohsin Ali
ES2-LKN-01723,Larkana - 1,Larkana,27.54242   68.20504,Nadeem Arbani,Mohsin Ali
ES2-SDK-01850,ShahdadKot,Larkana,27.8517   67.90123,Nadeem Arbani,Mohsin Ali
ES2-LKN-01920,Larkana - 1,Larkana,27.561426   68.21012,Nadeem Arbani,Mohsin Ali
ES2-LKN-01965,Larkana - 1,Larkana,27.541   68.19278,Nadeem Arbani,Mohsin Ali
ES2-LKN-02195,Larkana - 1,Larkana,27.55802   68.193251,Nadeem Arbani,Mohsin Ali
ES2-WRH-02280,Qambar,Larkana,27.50175   67.91122,Nadeem Arbani,Mohsin Ali
ES2-QBR-02578,Qambar,Larkana,27.57981   67.84088,Nadeem Arbani,Mohsin Ali
ES2-LKN-02668,Larkana - 1,Larkana,27.5515   68.2185,Nadeem Arbani,Mohsin Ali
ES2-QBR-02671,Qambar,Larkana,27.5937   68.001,Nadeem Arbani,Mohsin Ali
ES2-SDK-02702,ShahdadKot,Larkana,27.84855   67.9175,Nadeem Arbani,Mohsin Ali
ES2-LKN-02734,Larkana - 1,Larkana,27.55549   68.21934,Nadeem Arbani,Mohsin Ali
ES2-QBR-02747,Qambar,Larkana,27.58773   68.00233,Nadeem Arbani,Mohsin Ali
ES2-SDK-03033,ShahdadKot,Larkana,27.84193   67.90594,Nadeem Arbani,Mohsin Ali
ES2-SDK-03034,ShahdadKot,Larkana,27.84006   67.89832,Nadeem Arbani,Mohsin Ali
ES2-LKN-03312,Larkana - 1,Larkana,27.54441   68.21127,Nadeem Arbani,Mohsin Ali
ES2-NSD-03433,Larkana - 2,Larkana,27.3786   67.92236,Nadeem Arbani,Mohsin Ali
ES2-BDA-03439,Larkana - 2,Larkana,27.33447   68.01902,Nadeem Arbani,Mohsin Ali
ES2-SDK-03632,ShahdadKot,Larkana,27.8856   67.6293,Nadeem Arbani,Mohsin Ali
ES2-LKN-03833,Qambar,Larkana,27.63551   68.11523,Nadeem Arbani,Mohsin Ali
ES2-SDK-04355,ShahdadKot,Larkana,27.85084   67.91042,Nadeem Arbani,Mohsin Ali
EUS-QSK-04654,ShahdadKot,Larkana,27.881404   68.184741,Nadeem Arbani,Mohsin Ali
EUS-QSK-04655,ShahdadKot,Larkana,27.82006   68.21823,Nadeem Arbani,Mohsin Ali
EUS-QSK-04656,Larkana - 2,Larkana,27.66199   68.19393,Nadeem Arbani,Mohsin Ali
EUS-QSK-04657,Larkana - 2,Larkana,27.72082   68.39632,Nadeem Arbani,Mohsin Ali
EUS-QSK-04659,Larkana - 2,Larkana,27.58112   68.33421,Nadeem Arbani,Mohsin Ali
EUS-QSK-04660,Larkana - 2,Larkana,27.38712   68.27863,Nadeem Arbani,Mohsin Ali
EUS-QSK-04662,Larkana - 2,Larkana,27.24678   68.12517,Nadeem Arbani,Mohsin Ali
EUS-QSK-04664,Larkana - 2,Larkana,27.28991   68.03054,Nadeem Arbani,Mohsin Ali
EUS-QSK-04665,Larkana - 2,Larkana,27.40428   67.99497,Nadeem Arbani,Mohsin Ali
EUS-QSK-04666,ShahdadKot,Larkana,27.90039   68.09003,Nadeem Arbani,Mohsin Ali
EUS-QSK-04667,ShahdadKot,Larkana,27.95077   68.05704,Nadeem Arbani,Mohsin Ali
EUS-QSK-04668,ShahdadKot,Larkana,27.92557   68.00937,Nadeem Arbani,Mohsin Ali
EUS-QSK-04669,ShahdadKot,Larkana,27.96153   67.89097,Nadeem Arbani,Mohsin Ali
EUS-QSK-04670,ShahdadKot,Larkana,27.91519   67.80808,Nadeem Arbani,Mohsin Ali
EUS-QSK-04671,ShahdadKot,Larkana,27.91532   67.73185,Nadeem Arbani,Mohsin Ali
EUS-QSK-04672,ShahdadKot,Larkana,27.84511   67.60513,Nadeem Arbani,Mohsin Ali
EUS-QSK-04673,ShahdadKot,Larkana,27.7844   67.73557,Nadeem Arbani,Mohsin Ali
EUS-QSK-04674,Qambar,Larkana,27.76495   67.84978,Nadeem Arbani,Mohsin Ali
EUS-QSK-04675,Qambar,Larkana,27.70262   67.78728,Nadeem Arbani,Mohsin Ali
EUS-QSK-04676,Qambar,Larkana,27.69186   67.88423,Nadeem Arbani,Mohsin Ali
EUS-QSK-04677,ShahdadKot,Larkana,27.80358   68.03715,Nadeem Arbani,Mohsin Ali
EUS-QSK-04678,ShahdadKot,Larkana,27.82137   67.44221,Nadeem Arbani,Mohsin Ali
EUS-QSK-04680,Qambar,Larkana,27.60778   67.64307,Nadeem Arbani,Mohsin Ali
EUS-QSK-04682,Qambar,Larkana,27.54459   67.55912,Nadeem Arbani,Mohsin Ali
EUS-QSK-04684,Qambar,Larkana,27.53524   67.75647,Nadeem Arbani,Mohsin Ali
EUS-QSK-04686,Qambar,Larkana,27.39568   67.71506,Nadeem Arbani,Mohsin Ali
EUS-QSK-04687,Qambar,Larkana,27.32298   67.75636,Nadeem Arbani,Mohsin Ali
EUS-QSK-04688,Larkana - 2,Larkana,27.540563   68.078297,Nadeem Arbani,Mohsin Ali
EUS-QSK-04689,Qambar,Larkana,27.5572   68.019,Nadeem Arbani,Mohsin Ali
EUS-QSK-04690,ShahdadKot,Larkana,27.9636   67.82716,Nadeem Arbani,Mohsin Ali
EUS-QSK-04691,ShahdadKot,Larkana,27.86226   67.77412,Nadeem Arbani,Mohsin Ali
EUS-QSK-04692,Qambar,Larkana,27.70522   67.74031,Nadeem Arbani,Mohsin Ali
EUS-QSK-04693,Qambar,Larkana,27.47464   67.69994,Nadeem Arbani,Mohsin Ali
ES2-LKN-04740,Qambar,Larkana,27.615887   68.008633,Nadeem Arbani,Mohsin Ali
ES2-LKN-04741,Qambar,Larkana,27.661905   68.019063,Nadeem Arbani,Mohsin Ali
ES2-BDA-05414,Larkana - 2,Larkana,27.38903   68.05972,Nadeem Arbani,Mohsin Ali
ES2-JCA-05521,ShahdadKot,Larkana,27.98807   67.96275,Nadeem Arbani,Mohsin Ali
ES2-LKN-05538,Qambar,Larkana,27.6718   68.06243,Nadeem Arbani,Mohsin Ali
ES2-LKN-05539,Qambar,Larkana,27.56039   67.93427,Nadeem Arbani,Mohsin Ali
ES2-LKN-05540,Larkana - 2,Larkana,27.72461   68.06435,Nadeem Arbani,Mohsin Ali
ES2-LKN-05541,Qambar,Larkana,27.60755   68.09195,Nadeem Arbani,Mohsin Ali
ES2-LKN-05542,Qambar,Larkana,27.55051   67.88631,Nadeem Arbani,Mohsin Ali
ES2-LKN-05706,Larkana - 2,Larkana,27.54249   68.26134,Nadeem Arbani,Mohsin Ali
ES2-LKN-05707,Larkana - 1,Larkana,27.57896   68.21017,Nadeem Arbani,Mohsin Ali
ES2-LKN-05710,Qambar,Larkana,27.55891   68.05866,Nadeem Arbani,Mohsin Ali
ES2-LKN-05712,Larkana - 1,Larkana,27.51792   68.20316,Nadeem Arbani,Mohsin Ali
ES2-LKN-05713,Larkana - 2,Larkana,27.693108   68.338937,Nadeem Arbani,Mohsin Ali
ES2-LKN-05785,Larkana - 2,Larkana,27.676592   68.365763,Nadeem Arbani,Mohsin Ali
ES2-RTD-05931,Larkana - 2,Larkana,27.805779   68.295833,Nadeem Arbani,Mohsin Ali
ES2-NAU-06061,Larkana - 2,Larkana,27.66281   68.37827,Nadeem Arbani,Mohsin Ali
ES2-LKN-06089,Larkana - 1,Larkana,27.54846   68.22575,Nadeem Arbani,Mohsin Ali
ES2-LKN-06647,Larkana - 2,Larkana,27.30323   68.08904,Nadeem Arbani,Mohsin Ali
ES2-SDK-06731,ShahdadKot,Larkana,27.851465   67.90633,Nadeem Arbani,Mohsin Ali
ES2-SDK-06737,ShahdadKot,Larkana,27.85595   67.91628,Nadeem Arbani,Mohsin Ali
ES2-SDK-06738,ShahdadKot,Larkana,27.8404   67.91059,Nadeem Arbani,Mohsin Ali
ES2-LKN-06828,Larkana - 1,Larkana,27.54812   68.23136,Nadeem Arbani,Mohsin Ali
ES2-LKN-07118,Larkana - 1,Larkana,27.56983   68.20231,Nadeem Arbani,Mohsin Ali
ES2-SDK-07210,ShahdadKot,Larkana,27.84729   67.89565,Nadeem Arbani,Mohsin Ali
ES2-LKN-07442,Larkana - 2,Larkana,27.59862   68.22546,Nadeem Arbani,Mohsin Ali
ES2-LKN-07446,Larkana - 1,Larkana,27.56981   68.21909,Nadeem Arbani,Mohsin Ali
ES2-LKN-07525,Larkana - 1,Larkana,27.504   68.19919,Nadeem Arbani,Mohsin Ali
ES2-LKN-07526,Larkana - 1,Larkana,27.5786   68.20499,Nadeem Arbani,Mohsin Ali
ES2-QBR-08936,ShahdadKot,Larkana,27.757241   68.09155,Nadeem Arbani,Mohsin Ali
ES2-SDK-09205,ShahdadKot,Larkana,27.856377   67.922656,Nadeem Arbani,Mohsin Ali
ES2-QBR-09561,Qambar,Larkana,27.583559   68.008611,Nadeem Arbani,Mohsin Ali
ES2-UTM-09599,Dera Allah Yar,Jacob Abad,28.168459   68.04019,Saif Ul Islam,Abdul Waheed
ES2-DMJ-09575,Dera Allah Yar,Jacob Abad,28.54131   68.22804,Saif Ul Islam,Abdul Waheed
ES2-UTM-09579,Dera Allah Yar,Jacob Abad,28.186312   68.050871,Saif Ul Islam,Abdul Waheed
ES2-DRK-06471,Ghotki,Sukkur,28.04661   69.6896,Abdul Rasool,Shahid Ahmed
ES2-KRP-06430,Sukkur,Sukkur,27.50689   68.75908,Abdul Rasool,Shahid Ahmed
ES2-MHP-06699,Ranipur,Sukkur,27.05242   68.380181,Abdul Rasool,Shahid Ahmed
ES2-MPM-04934,Ghotki,Sukkur,28.02901   69.60287,Abdul Rasool,Shahid Ahmed
ES2-NSF-08671,Nausheroferoz,Sukkur,26.83854   68.12639,Abdul Rasool,Shahid Ahmed
ES2-GKI-08576,Ghotki,Sukkur,28.17145   69.60152,Abdul Rasool,Shahid Ahmed
ES2-LKN-08761,Larkana - 2,Larkana,27.540354   68.20959,Nadeem Arbani,Mohsin Ali
ES2-MPM-08426,Ghotki,Sukkur,28.0124   69.5639,Abdul Rasool,Shahid Ahmed
ES2-SDQ-09753,Sadiq Abad,Sukkur,28.295707   70.140008,Abdul Rasool,Shahid Ahmed
ES2-SUK-09749,Sukkur,Sukkur,27.736102   68.838559,Abdul Rasool,Shahid Ahmed
ES2-LKN-09735,Larkana - 1,Larkana,27.548626   68.214098,Nadeem Arbani,Mohsin Ali
ES2-LKN-09557,Larkana - 1,Larkana,27.537899   68.208208,Nadeem Arbani,Mohsin Ali
ES2-GMT-09746,Ranipur,Sukkur,27.336036   68.532201,Abdul Rasool,Shahid Ahmed
ES2-PQL-09655,Ghotki,Sukkur,27.7848   69.4215,Abdul Rasool,Shahid Ahmed
ES2-DMJ-09751,Dera Allah Yar,Jacob Abad,28.5583   68.2136,Saif Ul Islam,Abdul Waheed
ES2-WRH-09598,Qambar,Larkana,27.446769   67.793217,Nadeem Arbani,Mohsin Ali
ES2-NSF-09736,Nausheroferoz,Sukkur,26.8345   68.1209,Abdul Rasool,Shahid Ahmed
ES2-SUK-09789,Sukkur,Sukkur,27.736021   68.838469,Abdul Rasool,Shahid Ahmed
ES2-LKN-09593,Larkana - 1,Larkana,27.56013   68.214974,Nadeem Arbani,Mohsin Ali
ES2-SUK-09788,Sukkur,Sukkur,27.70634   68.83991,Abdul Rasool,Shahid Ahmed
ES2-CND-09801,Ranipur,Sukkur,27.160467   68.964322,Abdul Rasool,Shahid Ahmed
ES2-DRK-09814,Ghotki,Sukkur,28.080399   69.711139,Abdul Rasool,Shahid Ahmed
ES2-RYK-08638,Sadiq Abad,Sukkur,28.36   70.01,Abdul Rasool,Shahid Ahmed
